Company,Website,Phone,Address,City,State,Zip,Variables
"JW Plumbing, Heating and Air",,(213) 379-5931,"904 Wall St Suite 203, Los Angeles, CA 90015, USA",,,,Persona:Generic | Reason:High fit local business
LC Heating & Air Conditioning,,(325) 252-4822,"509 N Fairfax Ave, Los Angeles, CA 90036, USA",,,,Persona:Generic | Reason:High fit local business
Brody Pennell Heating & Air Conditioning,,(310) 896-4911,"8599 Venice Blvd., Los Angeles, CA 90034, USA",,,,Persona:Generic | Reason:High fit local business
Service Genius Air Conditioning and Heating,,(310) 359-0260,"8217 Beverly Blvd #29, Los Angeles, CA 90048, USA",,,,Persona:Generic | Reason:High fit local business
Universal Heating & Air,,(323) 763-5777,"2260 Maravilla Dr, Los Angeles, CA 90068, USA",,,,Persona:Generic | Reason:High fit local business
"Four Seasons Heating, Air Conditioning, Plumbing, & Electric",,(773) 219-2190,"5701 W 73rd St, Chicago, IL 60638, USA",,,,Persona:Generic | Reason:High fit local business
All Temp Heating and Air Conditioning,,(773) 481-2000,"4363 W Montrose Ave, Chicago, IL 60630, USA",,,,Persona:Generic | Reason:High fit local business
Besco Air Inc.,,(312) 809-2695,"5850 N Northwest Hwy, Chicago, IL 60631, USA",,,,Persona:Generic | Reason:High fit local business
"Deljo Heating, Cooling & Plumbing",,(773) 657-9989,"4300 W Bryn Mawr Ave, Chicago, IL 60646, USA",,,,Persona:Generic | Reason:High fit local business
"Five Star HVAC Services, Inc.",,(773) 386-6993,"5638 N Elston Ave, Chicago, IL 60646, USA",,,,Persona:Generic | Reason:High fit local business
Emergency HVAC NYC,,(800) 788-6909,"621 Brighton Beach Ave, Brooklyn, NY 11235, USA",,,,Persona:Generic | Reason:High fit local business
"American HVAC Corp - Brooklyn, Heating, Air Conditioning, Refrigeration, Ductless Mini Split, Rooftop, Commercial HVAC NYC",,(332) 232-9300,"77 Sands St 6th Floor, Brooklyn, NY 11201, USA",,,,Persona:Generic | Reason:High fit local business
Manhattan HVAC & Appliance Repair Inc,,(332) 334-0444,"48 W 14th St, New York, NY 10011, USA",,,,Persona:Generic | Reason:High fit local business
American HVAC Corp â€“ Top HVAC Contractor NYC,,(347) 382-9030,"368 9th Ave 6th floor, New York, NY 10001, USA",,,,Persona:Generic | Reason:High fit local business
